{"cameraMode":{"drawMode":0,"name":"Shaded","section":"Shading Mode"},"sceneLighting":false,"audioPlay":false,"sceneViewState":{"showFog":true,"showMaterialUpdate":false,"showSkybox":true,"showFlares":true,"showImageEffects":true,"showParticleSystems":true},"in2DMode":false,"pivot":{"x":10.272336959838868,"y":4.32696533203125,"z":-20.63876724243164},"rotation":{"x":-0.13701246678829194,"y":0.7813804745674133,"z":-0.1845194697380066,"w":-0.5801991820335388},"size":12.16812801361084,"orthographic":true}