{"cameraMode":{"drawMode":0,"name":"Shaded","section":"Shading Mode"},"sceneLighting":false,"audioPlay":false,"sceneViewState":{"showFog":true,"showMaterialUpdate":false,"showSkybox":true,"showFlares":true,"showImageEffects":true,"showParticleSystems":true},"in2DMode":false,"pivot":{"x":10.548212051391602,"y":4.418849945068359,"z":-20.888978958129884},"rotation":{"x":-0.13701246678829194,"y":0.7813804745674133,"z":-0.1845194697380066,"w":-0.5801991820335388},"size":11.620562553405762,"orthographic":true}