{"cameraMode":{"drawMode":0,"name":"Shaded","section":"Shading Mode"},"sceneLighting":true,"audioPlay":false,"sceneViewState":{"showFog":true,"showMaterialUpdate":false,"showSkybox":true,"showFlares":true,"showImageEffects":true,"showParticleSystems":true},"in2DMode":false,"pivot":{"x":10.431632041931153,"y":6.791275978088379,"z":-19.117046356201173},"rotation":{"x":-0.20972825586795808,"y":-0.428443968296051,"z":0.10294745117425919,"w":-0.8728523850440979},"size":11.095783233642579,"orthographic":false}