{"cameraMode":{"drawMode":0,"name":"Shaded","section":"Shading Mode"},"sceneLighting":true,"audioPlay":false,"sceneViewState":{"showFog":true,"showMaterialUpdate":false,"showSkybox":true,"showFlares":true,"showImageEffects":true,"showParticleSystems":true},"in2DMode":false,"pivot":{"x":10.189895629882813,"y":6.0816216468811039,"z":-19.533409118652345},"rotation":{"x":-0.2869848906993866,"y":-0.5435816049575806,"z":0.20480065047740937,"w":-0.7617312669754028},"size":7.167794704437256,"orthographic":false}