{"cameraMode":{"drawMode":0,"name":"Shaded","section":"Shading Mode"},"sceneLighting":true,"audioPlay":false,"sceneViewState":{"showFog":true,"showMaterialUpdate":false,"showSkybox":true,"showFlares":true,"showImageEffects":true,"showParticleSystems":true},"in2DMode":false,"pivot":{"x":-3.9269490242004396,"y":-0.5949137806892395,"z":4.004135608673096},"rotation":{"x":-0.2709399461746216,"y":-0.4016590416431427,"z":0.12570670247077943,"w":-0.8657179474830627},"size":24.67552947998047,"orthographic":false}