{"cameraMode":{"drawMode":0,"name":"Shaded","section":"Shading Mode"},"sceneLighting":true,"audioPlay":false,"sceneViewState":{"showFog":true,"showMaterialUpdate":false,"showSkybox":true,"showFlares":true,"showImageEffects":true,"showParticleSystems":true},"in2DMode":false,"pivot":{"x":12.987628936767579,"y":4.915009498596191,"z":-22.924821853637697},"rotation":{"x":0.17571935057640077,"y":-0.8069061636924744,"z":0.29490745067596438,"w":0.48072925209999087},"size":17.635751724243165,"orthographic":false}